{
  "GUI": {
    "AlignExt": {
      "_x": 0.6920492649078369,
      "_y": 0.09130816161632538
    },
    "Alignment": {
      "_x": 0.004479283466935158,
      "_y": 0.7998244166374207
    },
    "Extent": {
      "_x": 0.20000000298023224,
      "_y": 0.20000000298023224
    },
    "Position": {
      "_x": 0.004479283466935158,
      "_y": 0.7998244166374207
    },
    "Texture": {
      "_name": "BKS_PlayersTurnUI.png"
    }
  },
  "_Dynamic": false,
  "_Name": "Attack",
  "_eFlags": 262145,
  "_gFlags": 0,
  "_hasChildren": false
}
