{
  "GUI": {
    "AlignExt": {
      "_x": 0.16788321733474731,
      "_y": 0.9685534834861755
    },
    "Alignment": {
      "_x": 0.0010427528759464622,
      "_y": -0.01886792480945587
    },
    "Extent": {
      "_x": 0.20000000298023224,
      "_y": 0.20000000298023224
    },
    "Position": {
      "_x": 0.0010427528759464622,
      "_y": -0.01886792480945587
    },
    "Texture": {
      "_name": "BKS_Dice.png"
    }
  },
  "_Dynamic": false,
  "_Name": "Dice4",
  "_eFlags": 262145,
  "_gFlags": 0,
  "_hasChildren": false
}