{
  "GUI": {
    "AlignExt": {
      "_x": 0.5352743268013,
      "_y": 0.10798946768045425
    },
    "Alignment": {
      "_x": 0.004479283466935158,
      "_y": 0.6971027255058289
    },
    "Extent": {
      "_x": 0.20000000298023224,
      "_y": 0.20000000298023224
    },
    "Position": {
      "_x": 0.004479283466935158,
      "_y": 0.6971027255058289
    },
    "Texture": {
      "_name": "BKS_PlayersTurnUI.png"
    }
  },
  "_Dynamic": false,
  "_Name": "Dodge",
  "_eFlags": 262145,
  "_gFlags": 0,
  "_hasChildren": false
}