{
	"Transform": {
		"Position": {
			"_x": 0.00000000,
			"_y": 0.00000000,
			"_z": 0.00000000
		},
		"Rotation": {
			"_x": 0.00000000,
			"_y": 0.00000000,
			"_z": 0.00000000,
			"_w": 1.00000000
		},
		"Scale": {
			"_x": 1.00000000,
			"_y": 1.00000000,
			"_z": 1.00000000
		}
	},
	"_Name": "EnemySelect",
	"_hasChildren": false,
	"Node": [

	],
	"_eFlags": 262144,
	"_gFlags": 0,
	"_Dynamic": false,
	"AspectRatio": {
		"_ratio": 0.00000000
	},
	"FOV": {
		"_fov": 0.00000000
	},
	"Color": {
		"_r": 0.00000000,
		"_g": 0.00000000,
		"_b": 0.00000000
	},
	"Intensity": {
		"_i": 0.00000000
	},
	"ID": {
		"_id": 0
	},
	"Material": {
		"_ID": 0
	},
	"Object": {
		"_ID": 0
	},
	"Rigid": {
		"_Rigid": false
	},
	"Collider": {
		"Local": {
			"_x": 0.00000000,
			"_y": 0.00000000,
			"_z": 0.00000000
		},
		"Extents": {
			"_x": 0.00000000,
			"_y": 0.00000000,
			"_z": 0.00000000
		},
		"_Type": 0
	},
	"GUI": {
		"AlignExt": {
			"_x": 0.80515116,
			"_y": 0.07638279
		},
		"Alignment": {
			"_x": 0.01231803,
			"_y": 0.28983319
		},
		"Extent": {
			"_x": 0.34999996,
			"_y": 0.10999997
		},
		"Position": {
			"_x": 0.64999968,
			"_y": 0.02000001
		},
		"Texture": {
			"_name": "BKS_PlayersTurnUI.png"
		}
	}
}