{
  "GUI": {
    "AlignExt": {
      "_x": 0.8051511645317078,
      "_y": 0.07638279348611832
    },
    "Alignment": {
      "_x": 0.012318029068410397,
      "_y": 0.20983318984508514
    },
    "Extent": {
      "_x": 0.20000000298023224,
      "_y": 0.20000000298023224
    },
    "Position": {
      "_x": 0.012318029068410397,
      "_y": 0.20983318984508514
    },
    "Texture": {
      "_name": "BKS_PlayersTurnUI.png"
    }
  },
  "_Dynamic": false,
  "_Name": "EnemySelect",
  "_eFlags": 262145,
  "_gFlags": 0,
  "_hasChildren": false
}