{
  "GUI": {
    "AlignExt": {
      "_x": 0.48376259207725525,
      "_y": 0.08252853155136108
    },
    "Alignment": {
      "_x": 0.002239641733467579,
      "_y": 0.602282702922821
    },
    "Extent": {
      "_x": 0.20000000298023224,
      "_y": 0.20000000298023224
    },
    "Position": {
      "_x": 0.002239641733467579,
      "_y": 0.602282702922821
    },
    "Texture": {
      "_name": "BKS_PlayersTurnUI.png"
    }
  },
  "_Dynamic": false,
  "_Name": "Focus",
  "_eFlags": 262145,
  "_gFlags": 0,
  "_hasChildren": false
}