{
  "GUI": {
    "AlignExt": {
      "_x": 0.24724724888801575,
      "_y": 0.5932539701461792
    },
    "Alignment": {
      "_x": 0.014014014042913914,
      "_y": 0.3948412835597992
    },
    "Extent": {
      "_x": 0.20000000298023224,
      "_y": 0.20000000298023224
    },
    "Position": {
      "_x": 0.014014014042913914,
      "_y": 0.3948412835597992
    },
    "Texture": {
      "_name": "BKS_Icons.png"
    }
  },
  "_Dynamic": false,
  "_Name": "IconSwatter",
  "_eFlags": 262145,
  "_gFlags": 0,
  "_hasChildren": false
}