{
  "GUI": {
    "AlignExt": {
      "_x": 0.22022022306919098,
      "_y": 0.5932539701461792
    },
    "Alignment": {
      "_x": 0.2842842936515808,
      "_y": 0.3968254029750824
    },
    "Extent": {
      "_x": 0.20000000298023224,
      "_y": 0.20000000298023224
    },
    "Position": {
      "_x": 0.2842842936515808,
      "_y": 0.3968254029750824
    },
    "Texture": {
      "_name": "BKS_Icons.png"
    }
  },
  "_Dynamic": false,
  "_Name": "IconBugspray",
  "_eFlags": 262145,
  "_gFlags": 0,
  "_hasChildren": false
}