{
  "GUI": {
    "AlignExt": {
      "_x": 0.402402400970459,
      "_y": 0.2638888955116272
    },
    "Alignment": {
      "_x": 0.5925925970077515,
      "_y": 0.0029761905316263437
    },
    "Extent": {
      "_x": 0.20000000298023224,
      "_y": 0.20000000298023224
    },
    "Position": {
      "_x": 0.5925925970077515,
      "_y": 0.0029761905316263437
    },
    "Texture": {
      "_name": "BKS_Icons.png"
    }
  },
  "_Dynamic": false,
  "_Name": "IconShoe",
  "_eFlags": 262145,
  "_gFlags": 0,
  "_hasChildren": false
}