{
  "GUI": {
    "AlignExt": {
      "_x": 0.3553553521633148,
      "_y": 0.2827380895614624
    },
    "Alignment": {
      "_x": 0.0,
      "_y": 0.0
    },
    "Extent": {
      "_x": 0.20000000298023224,
      "_y": 0.20000000298023224
    },
    "Position": {
      "_x": 0.0,
      "_y": 0.0
    },
    "Texture": {
      "_name": "BKS_Icons.png"
    }
  },
  "_Dynamic": false,
  "_Name": "IconHand",
  "_eFlags": 262145,
  "_gFlags": 0,
  "_hasChildren": false
}