{
  "GUI": {
    "AlignExt": {
      "_x": 0.42105263471603394,
      "_y": 0.075504831969738
    },
    "Alignment": {
      "_x": 0.010078387334942818,
      "_y": 0.1027216836810112
    },
    "Extent": {
      "_x": 0.20000000298023224,
      "_y": 0.20000000298023224
    },
    "Position": {
      "_x": 0.010078387334942818,
      "_y": 0.1027216836810112
    },
    "Texture": {
      "_name": "BKS_PlayersTurnUI.png"
    }
  },
  "_Dynamic": false,
  "_Name": "Move",
  "_eFlags": 262145,
  "_gFlags": 0,
  "_hasChildren": false
}