{
  "GUI": {
    "AlignExt": {
      "_x": 0.7301231622695923,
      "_y": 0.0746268630027771
    },
    "Alignment": {
      "_x": 0.0033594626002013683,
      "_y": 0.5048288106918335
    },
    "Extent": {
      "_x": 0.20000000298023224,
      "_y": 0.20000000298023224
    },
    "Position": {
      "_x": 0.0033594626002013683,
      "_y": 0.5048288106918335
    },
    "Texture": {
      "_name": "BKS_PlayersTurnUI.png"
    }
  },
  "_Dynamic": false,
  "_Name": "MoveWASD",
  "_eFlags": 262145,
  "_gFlags": 0,
  "_hasChildren": false
}