{
  "GUI": {
    "AlignExt": {
      "_x": 0.3984375,
      "_y": 0.1484375
    },
    "Alignment": {
      "_x": 0.0009765625,
      "_y": 0.67578125
    },
    "Extent": {
      "_x": 0.20000000298023224,
      "_y": 0.20000000298023224
    },
    "Position": {
      "_x": 0.0009765625,
      "_y": 0.67578125
    },
    "Texture": {
      "_name": "BeeKillingsInnUI.png"
    }
  },
  "_Dynamic": false,
  "_Name": "Victory",
  "_eFlags": 262145,
  "_gFlags": 0,
  "_hasChildren": false
}