{
  "Node": [
    {
      "Material": {
        "_ID": -348345232
      },
      "Object": {
        "_ID": 148101473
      },
      "Transform": {
        "Position": {
          "_x": 0.0,
          "_y": 0.024058761075139046,
          "_z": 0.0
        },
        "Rotation": {
          "_w": 1.0,
          "_x": 0.0,
          "_y": 0.0,
          "_z": 0.0
        },
        "Scale": {
          "_x": 0.8444795608520508,
          "_y": 0.6082102060317993,
          "_z": 0.8444795608520508
        }
      },
      "_Dynamic": false,
      "_Name": "Mesh",
      "_eFlags": 33863,
      "_gFlags": 0,
      "_hasChildren": false
    },
    {
      "Material": {
        "_ID": -289020352
      },
      "Object": {
        "_ID": 148101474
      },
      "Transform": {
        "Position": {
          "_x": 0.0,
          "_y": 0.02500004693865776,
          "_z": 0.0
        },
        "Rotation": {
          "_w": 1.0,
          "_x": 0.0,
          "_y": 0.0,
          "_z": 0.0
        },
        "Scale": {
          "_x": 0.7964661121368408,
          "_y": 1.0,
          "_z": 0.7964661121368408
        }
      },
      "_Dynamic": false,
      "_Name": "Mesh",
      "_eFlags": 33863,
      "_gFlags": 0,
      "_hasChildren": false
    },
    {
      "Material": {
        "_ID": 564706208
      },
      "Object": {
        "_ID": 148101475
      },
      "Transform": {
        "Position": {
          "_x": 0.0,
          "_y": 0.02499963715672493,
          "_z": -1.4712263691762928e-6
        },
        "Rotation": {
          "_w": 1.0,
          "_x": 0.0,
          "_y": 0.0,
          "_z": 0.0
        },
        "Scale": {
          "_x": 0.49437230825424194,
          "_y": 0.9004412293434143,
          "_z": 0.49437230825424194
        }
      },
      "_Dynamic": false,
      "_Name": "Mesh",
      "_eFlags": 33863,
      "_gFlags": 0,
      "_hasChildren": false
    }
  ],
  "Transform": {
    "Position": {
      "_x": 0.0,
      "_y": 0.0,
      "_z": 0.0
    },
    "Rotation": {
      "_w": 1.0,
      "_x": 0.0,
      "_y": 0.0,
      "_z": 0.0
    },
    "Scale": {
      "_x": 1.0,
      "_y": 1.0,
      "_z": 1.0
    }
  },
  "_Dynamic": true,
  "_Name": "Barrel",
  "_eFlags": 1059,
  "_gFlags": 0,
  "_hasChildren": true
}
