{
  "Node": [
    {
      "Material": {
        "_ID": 0
      },
      "Object": {
        "_ID": 127950650
      },
      "Transform": {
        "Position": {
          "_x": 0.550079345703125,
          "_y": -0.028184261173009872,
          "_z": 0.6700897216796875
        },
        "Rotation": {
          "_w": 1.0,
          "_x": 0.0,
          "_y": 0.0,
          "_z": 0.0
        },
        "Scale": {
          "_x": 1.0,
          "_y": 0.1940000057220459,
          "_z": 0.15199999511241913
        }
      },
      "_Dynamic": false,
      "_Name": "Cube",
      "_eFlags": 33863,
      "_gFlags": 0,
      "_hasChildren": false
    },
    {
      "Material": {
        "_ID": 564706208
      },
      "Object": {
        "_ID": -1
      },
      "Transform": {
        "Position": {
          "_x": 0.41999998688697815,
          "_y": -0.1599999964237213,
          "_z": 0.7300000190734863
        },
        "Rotation": {
          "_w": 1.0,
          "_x": 0.0,
          "_y": 0.0,
          "_z": 0.0
        },
        "Scale": {
          "_x": 0.12999999523162842,
          "_y": 0.32894736528396606,
          "_z": 0.5130000114440918
        }
      },
      "_Dynamic": true,
      "_Name": "New Sphere!",
      "_eFlags": 32775,
      "_gFlags": 0,
      "_hasChildren": false
    },
    {
      "Material": {
        "_ID": 564706208
      },
      "Object": {
        "_ID": -1
      },
      "Transform": {
        "Position": {
          "_x": 0.7200000286102295,
          "_y": -0.17000000178813934,
          "_z": 0.7900000214576721
        },
        "Rotation": {
          "_w": 1.0,
          "_x": 0.0,
          "_y": 0.0,
          "_z": 0.0
        },
        "Scale": {
          "_x": 0.10000000149011612,
          "_y": 0.32894736528396606,
          "_z": 0.6134969592094421
        }
      },
      "_Dynamic": true,
      "_Name": "New Sphere!",
      "_eFlags": 32775,
      "_gFlags": 0,
      "_hasChildren": false
    }
  ],
  "Transform": {
    "Position": {
      "_x": 0.0,
      "_y": 0.0,
      "_z": 0.0
    },
    "Rotation": {
      "_w": 1.0,
      "_x": 0.0,
      "_y": 0.0,
      "_z": 0.0
    },
    "Scale": {
      "_x": 1.1200000047683716,
      "_y": 3.0399999618530273,
      "_z": 1.6299999952316284
    }
  },
  "_Dynamic": true,
  "_Name": "Bee2",
  "_eFlags": 1059,
  "_gFlags": 0,
  "_hasChildren": true
}
