{
  "Collider": {
    "Extents": {
      "_x": 0.5,
      "_y": 1.0,
      "_z": 0.75
    },
    "Local": {
      "_x": 0.0,
      "_y": 0.0,
      "_z": 0.0
    },
    "_Type": 1
  },
  "Node": [
    {
      "Material": {
        "_ID": -312065152
      },
      "Object": {
        "_ID": 271550319
      },
      "Transform": {
        "Position": {
          "_x": 0.0,
          "_y": 0.5369280576705933,
          "_z": 0.0
        },
        "Rotation": {
          "_w": 1.0,
          "_x": 0.0,
          "_y": 0.0,
          "_z": 0.0
        },
        "Scale": {
          "_x": 1.9395853281021118,
          "_y": 0.5369280576705933,
          "_z": 0.9269667863845825
        }
      },
      "_Dynamic": false,
      "_Name": "Bottom",
      "_eFlags": 33863,
      "_gFlags": 0,
      "_hasChildren": false
    },
    {
      "Material": {
        "_ID": 2054138304
      },
      "Object": {
        "_ID": 271550320
      },
      "Transform": {
        "Position": {
          "_x": 0.0,
          "_y": 1.410931944847107,
          "_z": 0.03728284686803818
        },
        "Rotation": {
          "_w": 1.0,
          "_x": 0.0,
          "_y": 0.0,
          "_z": 0.0
        },
        "Scale": {
          "_x": 1.7544153928756714,
          "_y": 0.5890681147575378,
          "_z": 1.0223292112350464
        }
      },
      "_Dynamic": false,
      "_Name": "Top",
      "_eFlags": 33863,
      "_gFlags": 0,
      "_hasChildren": false
    }
  ],
  "Transform": {
    "Position": {
      "_x": 0.0,
      "_y": -5.0,
      "_z": 0.0
    },
    "Rotation": {
      "_w": -4.371138828673793e-08,
      "_x": 0.0,
      "_y": 1.0,
      "_z": 0.0
    },
    "Scale": {
      "_x": 0.5,
      "_y": 0.5,
      "_z": 0.75
    }
  },
  "_Dynamic": true,
  "_Name": "Chest",
  "_eFlags": 66595,
  "_gFlags": 0,
  "_hasChildren": true
}