{
  "Node": [
    {
      "Node": [
        {
          "Material": {
            "_ID": -312065152
          },
          "Node": [
            {
              "Material": {
                "_ID": -573082831
              },
              "Object": {
                "_ID": 1655267473
              },
              "Transform": {
                "Position": {
                  "_x": 9.5367431640625e-7,
                  "_y": 0.2405872344970703,
                  "_z": 0.7258815765380859
                },
                "Rotation": {
                  "_w": 1.0,
                  "_x": 0.0,
                  "_y": 0.0,
                  "_z": 0.0
                },
                "Scale": {
                  "_x": 1.6690020561218262,
                  "_y": 1.3473975658416748,
                  "_z": 1.2436237335205078
                }
              },
              "_Dynamic": false,
              "_Name": "afro",
              "_eFlags": 33863,
              "_gFlags": 0,
              "_hasChildren": false
            },
            {
              "Material": {
                "_ID": 564706208
              },
              "Object": {
                "_ID": 1655267472
              },
              "Transform": {
                "Position": {
                  "_x": 0.4374103546142578,
                  "_y": -0.8056812286376953,
                  "_z": 0.24433135986328125
                },
                "Rotation": {
                  "_w": 1.0,
                  "_x": 0.0,
                  "_y": 0.0,
                  "_z": 0.0
                },
                "Scale": {
                  "_x": 0.32881200313568115,
                  "_y": 0.11602793633937836,
                  "_z": 0.11785698682069778
                }
              },
              "_Dynamic": false,
              "_Name": "eyebrowLeft",
              "_eFlags": 33863,
              "_gFlags": 0,
              "_hasChildren": false
            },
            {
              "Material": {
                "_ID": 564706208
              },
              "Object": {
                "_ID": 1655267468
              },
              "Transform": {
                "Position": {
                  "_x": -0.4374094009399414,
                  "_y": -0.8056812286376953,
                  "_z": 0.24433135986328125
                },
                "Rotation": {
                  "_w": 1.0,
                  "_x": 0.0,
                  "_y": 0.0,
                  "_z": 0.0
                },
                "Scale": {
                  "_x": 0.32881200313568115,
                  "_y": 0.11602793633937836,
                  "_z": 0.11785698682069778
                }
              },
              "_Dynamic": false,
              "_Name": "eyebrowRight",
              "_eFlags": 33863,
              "_gFlags": 0,
              "_hasChildren": false
            },
            {
              "Material": {
                "_ID": 564706208
              },
              "Object": {
                "_ID": -1
              },
              "Transform": {
                "Position": {
                  "_x": 0.4294099807739258,
                  "_y": -0.7917079925537109,
                  "_z": -0.12903308868408203
                },
                "Rotation": {
                  "_w": 1.0,
                  "_x": 0.0,
                  "_y": 0.0,
                  "_z": 0.0
                },
                "Scale": {
                  "_x": 0.19449365139007568,
                  "_y": 0.17966601252555847,
                  "_z": 0.1944936066865921
                }
              },
              "_Dynamic": false,
              "_Name": "ns_EyeLeft",
              "_eFlags": 32775,
              "_gFlags": 0,
              "_hasChildren": false
            },
            {
              "Material": {
                "_ID": -312065152
              },
              "Object": {
                "_ID": -1
              },
              "Transform": {
                "Position": {
                  "_x": 1.064117431640625,
                  "_y": -0.015058517456054688,
                  "_z": -0.051108360290527344
                },
                "Rotation": {
                  "_w": 1.0,
                  "_x": 0.0,
                  "_y": 0.0,
                  "_z": 0.0
                },
                "Scale": {
                  "_x": 0.19449365139007568,
                  "_y": 0.17966601252555847,
                  "_z": 0.19449365139007568
                }
              },
              "_Dynamic": false,
              "_Name": "ns_EarLeft",
              "_eFlags": 32775,
              "_gFlags": 0,
              "_hasChildren": false
            },
            {
              "Material": {
                "_ID": -312065152
              },
              "Object": {
                "_ID": -1
              },
              "Transform": {
                "Position": {
                  "_x": -1.0641164779663086,
                  "_y": -0.015058517456054688,
                  "_z": -0.051108360290527344
                },
                "Rotation": {
                  "_w": 1.0,
                  "_x": 0.0,
                  "_y": 0.0,
                  "_z": 0.0
                },
                "Scale": {
                  "_x": 0.19449365139007568,
                  "_y": 0.17966601252555847,
                  "_z": 0.19449365139007568
                }
              },
              "_Dynamic": false,
              "_Name": "ns_EarRight",
              "_eFlags": 32775,
              "_gFlags": 0,
              "_hasChildren": false
            },
            {
              "Material": {
                "_ID": 564706208
              },
              "Object": {
                "_ID": -1
              },
              "Transform": {
                "Position": {
                  "_x": -0.4294090270996094,
                  "_y": -0.7917079925537109,
                  "_z": -0.12903308868408203
                },
                "Rotation": {
                  "_w": 1.0,
                  "_x": 0.0,
                  "_y": 0.0,
                  "_z": 0.0
                },
                "Scale": {
                  "_x": 0.19449365139007568,
                  "_y": 0.17966601252555847,
                  "_z": 0.1944936066865921
                }
              },
              "_Dynamic": false,
              "_Name": "ns_EyeRight",
              "_eFlags": 32775,
              "_gFlags": 0,
              "_hasChildren": false
            },
            {
              "Material": {
                "_ID": -573082831
              },
              "Object": {
                "_ID": 1655267471
              },
              "Transform": {
                "Position": {
                  "_x": 9.5367431640625e-7,
                  "_y": -0.8054294586181641,
                  "_z": -0.701052188873291
                },
                "Rotation": {
                  "_w": 1.0,
                  "_x": 0.0,
                  "_y": 0.0,
                  "_z": 0.0
                },
                "Scale": {
                  "_x": 0.2605138421058655,
                  "_y": 0.1119433268904686,
                  "_z": 0.21034900844097137
                }
              },
              "_Dynamic": false,
              "_Name": "beard",
              "_eFlags": 33863,
              "_gFlags": 0,
              "_hasChildren": false
            }
          ],
          "Object": {
            "_ID": 1655267474
          },
          "Transform": {
            "Position": {
              "_x": 0.0,
              "_y": -0.03039424493908882,
              "_z": 0.613890528678894
            },
            "Rotation": {
              "_w": 1.0,
              "_x": 0.0,
              "_y": 0.0,
              "_z": 0.0
            },
            "Scale": {
              "_x": 0.3682871460914612,
              "_y": 0.3986813724040985,