{
  "Collider": {
    "Extents": {
      "_x": 0.5,
      "_y": 0.5,
      "_z": 0.5
    },
    "Local": {
      "_x": 0.0,
      "_y": 0.0,
      "_z": 0.0
    },
    "_Type": 0
  },
  "Node": [
    {
      "Material": {
        "_ID": 150738392
      },
      "Object": {
        "_ID": 951740133
      },
      "Transform": {
        "Position": {
          "_x": 0.0,
          "_y": 0.0,
          "_z": 0.956154465675354
        },
        "Rotation": {
          "_w": -0.7071067690849304,
          "_x": 0.7071067690849304,
          "_y": -6.170670303617953e-07,
          "_z": 6.170670303617953e-07
        },
        "Scale": {
          "_x": 1.1565616130828857,
          "_y": 0.5342424511909485,
          "_z": 1.0
        }
      },
      "_Dynamic": false,
      "_Name": "Vert",
      "_eFlags": 33863,
      "_gFlags": 0,
      "_hasChildren": false
    }
  ],
  "Transform": {
    "Position": {
      "_x": 0.0,
      "_y": 0.0,
      "_z": 0.0
    },
    "Rotation": {
      "_w": 1.0,
      "_x": 0.0,
      "_y": 0.0,
      "_z": 0.0
    },
    "Scale": {
      "_x": 0.5,
      "_y": 0.5,
      "_z": 0.5
    }
  },
  "_Dynamic": true,
  "_Name": "Heart",
  "_eFlags": 66595,
  "_gFlags": 0,
  "_hasChildren": true
}