{
  "Material": {
    "_ID": 564706208
  },
  "Object": {
    "_ID": -2
  },
  "Transform": {
    "Position": {
      "_x": -0.41805076599121094,
      "_y": 1.0617319345474243,
      "_z": -0.9612407684326172
    },
    "Rotation": {
      "_w": 0.948323667049408,
      "_x": 0.0,
      "_y": 0.0,
      "_z": -0.3173046410083771
    },
    "Scale": {
      "_x": 0.9700000286102295,
      "_y": 0.30000001192092896,
      "_z": 0.6600000262260437
    }
  },
  "_Dynamic": false,
  "_Name": "Mouth",
  "_eFlags": 32775,
  "_gFlags": 0,
  "_hasChildren": false
}