{
  "Node": [
    {
      "AspectRatio": {
        "_ratio": 1.7777777910232544
      },
      "FOV": {
        "_fov": 104.0
      },
      "Transform": {
        "Position": {
          "_x": 0.0,
          "_y": -5.679983139038086,
          "_z": -24.040023803710938
        },
        "Rotation": {
          "_w": 0.8571673035621643,
          "_x": -0.5150380730628967,
          "_y": 8.71468675001097e-09,
          "_z": -4.567164424429393e-10
        },
        "Scale": {
          "_x": 1.0,
          "_y": 1.0,
          "_z": 1.0
        }
      },
      "_Dynamic": true,
      "_Name": "Camera",
      "_eFlags": 2228243,
      "_gFlags": 0,
      "_hasChildren": false
    },
    {
      "Color": {
        "_b": 255.0,
        "_g": 255.0,
        "_r": 255.0
      },
      "ID": {
        "_id": 51
      },
      "Intensity": {
        "_i": 736.6409912109375
      },
      "Transform": {
        "Position": {
          "_x": -0.8701705932617188,
          "_y": -3.4610862731933594,
          "_z": 0.15008926391601563
        },
        "Rotation": {
          "_w": 1.0,
          "_x": 0.0,
          "_y": 0.0,
          "_z": 0.0
        },
        "Scale": {
          "_x": 1.0,
          "_y": 1.0,
          "_z": 1.0
        }
      },
      "_Dynamic": true,
      "_Name": "Light",
      "_eFlags": 2228235,
      "_gFlags": 0,
      "_hasChildren": false
    },
    {
      "Collider": {
        "Extents": {
          "_x": 20.0,
          "_y": 4.0,
          "_z": 20.0
        },
        "Local": {
          "_x": 0.0,
          "_y": 0.0,
          "_z": 0.0
        },
        "_Type": 1
      },
      "Material": {
        "_ID": -874053208
      },
      "Object": {
        "_ID": -2
      },
      "Rigid": {
        "_Rigid": true
      },
      "Transform": {
        "Position": {
          "_x": 0.0,
          "_y": -20.0,
          "_z": 0.0
        },
        "Rotation": {
          "_w": 1.0,
          "_x": 0.0,
          "_y": 8.726646001377958e-07,
          "_z": 0.0
        },
        "Scale": {
          "_x": 16.0,
          "_y": 4.0,
          "_z": 10.0
        }
      },
      "_Dynamic": false,
      "_Name": "Floor",
      "_eFlags": 2334727,
      "_gFlags": 0,
      "_hasChildren": false
    },
    {
      "Collider": {
        "Extents": {
          "_x": 10.0,
          "_y": 10.0,
          "_z": 16.0
        },
        "Local": {
          "_x": 0.0,
          "_y": 0.0,
          "_z": 0.0
        },
        "_Type": 1
      },
      "Material": {
        "_ID": -382174016
      },
      "Object": {
        "_ID": -2
      },
      "Transform": {
        "Position": {
          "_x": 24.0,
          "_y": -10.0,
          "_z": 0.0
        },
        "Rotation": {
          "_w": 1.0,
          "_x": 0.0,
          "_y": 0.0,
          "_z": 8.726646001377958e-07
        },
        "Scale": {
          "_x": 10.0,
          "_y": 10.0,
          "_z": 16.0
        }
      },
      "_Dynamic": false,
      "_Name": "rightWall",
      "_eFlags": 2326535,
      "_gFlags": 0,
      "_hasChildren": false
    },
    {
      "Collider": {
        "Extents": {
          "_x": 10.0,
          "_y": 10.0,
          "_z": 16.0
        },
        "Local": {
          "_x": 0.0,
          "_y": 0.0,
          "_z": 0.0
        },
        "_Type": 1
      },
      "Material": {
        "_ID": -382174016
      },
      "Object": {
        "_ID": -2
      },
      "Transform": {
        "Position": {
          "_x": -24.0,
          "_y": -10.0,
          "_z": 0.0
        },
        "Rotation": {
          "_w": 1.0,
          "_x": 0.0,
          "_y": 0.0,
          "_z": 8.726646001377958e-07
        },
        "Scale": {
          "_x": 10.0,
          "_y": 10.0,
          "_z": 16.0
        }
      },
      "_Dynamic": false,
      "_Name": "leftWall",
      "_eFlags": 2326535,
      "_gFlags": 0,
      "_hasChildren": false
    },
    {
      "Collider": {
        "Extents": {
          "_x": 35.0,
          "_y": 10.0,
          "_z": 10.0
        },
        "Local": {
          "_x": 0.0,
          "_y": 0.0,
          "_z": 0.0
        },
        "_Type": 1
      },
      "Material": {
        "_ID": -382174016
      },
      "Object": {
        "_ID": -2
      },
      "Rigid": {
        "_Rigid": true
      },
      "Transform": {
        "Position": {
          "_x": 0.0,
          "_y": -10.0,
          "_z": 20.0
        },
        "Rotation": {
          "_w": 1.0,
          "_x": 0.0,
          "_y": 0.0,
          "_z": 0.0
        },
        "Scale": {
          "_x": 35.0,
          "_y": 10.0,
          "_z": 10.0
        }
      },
      "_Dynamic": false,
      "_Name": "bottomWall",
      "_eFlags": 2334727,
      "_gFlags": 0,
      "_hasChildren": false
    }
  ],
  "Scene": {
    "_Num": 1
  }
}