{
  "Node": [
    {
      "AspectRatio": {
        "_ratio": 1.7777777910232544
      },
      "FOV": {
        "_fov": 104.0
      },
      "Transform": {
        "Position": {
          "_x": 0.0,
          "_y": -7.190013885498047,
          "_z": -17.59005355834961
        },
        "Rotation": {
          "_w": 0.838670551776886,
          "_x": -0.5446390509605408,
          "_y": 3.127347492082322e-09,
          "_z": -8.147024388449609e-09
        },
        "Scale": {
          "_x": 1.0,
          "_y": 1.0,
          "_z": 1.0
        }
      },
      "_Dynamic": true,
      "_Name": "Camera",
      "_eFlags": 2228243,
      "_gFlags": 0,
      "_hasChildren": false
    },
    {
      "Color": {
        "_b": 255.0,
        "_g": 255.0,
        "_r": 255.0
      },
      "ID": {
        "_id": 20
      },
      "Intensity": {
        "_i": 736.6409912109375
      },
      "Transform": {
        "Position": {
          "_x": -0.8701705932617188,
          "_y": -3.4610862731933594,
          "_z": 0.15008926391601563
        },
        "Rotation": {
          "_w": 1.0,
          "_x": 0.0,
          "_y": 0.0,
          "_z": 0.0
        },
        "Scale": {
          "_x": 1.0,
          "_y": 1.0,
          "_z": 1.0
        }
      },
      "_Dynamic": true,
      "_Name": "Light",
      "_eFlags": 2228235,
      "_gFlags": 0,
      "_hasChildren": false
    },
    {
      "Collider": {
        "Extents": {
          "_x": 20.0,
          "_y": 4.0,
          "_z": 20.0
        },
        "Local": {
          "_x": 0.0,
          "_y": 0.0,
          "_z": 0.0
        },
        "_Type": 1
      },
      "Material": {
        "_ID": 150738392
      },
      "Object": {
        "_ID": -2
      },
      "Rigid": {
        "_Rigid": true
      },
      "Transform": {
        "Position": {
          "_x": 0.0,
          "_y": -20.0,
          "_z": 0.0
        },
        "Rotation": {
          "_w": 1.0,
          "_x": 0.0,
          "_y": 8.726646001377958e-07,
          "_z": 0.0
        },
        "Scale": {
          "_x": 16.0,
          "_y": 4.0,
          "_z": 10.0
        }
      },
      "_Dynamic": false,
      "_Name": "Floor",
      "_eFlags": 2334727,
      "_gFlags": 0,
      "_hasChildren": false
    }
  ],
  "Scene": {
    "_Num": 1
  }
}